50,0.5,0.01,4,159,325,159,114426.751400555,1586
50,0.5,0.01,4,202,159,159,115475.141019003,2066
50,0.5,0.01,4,325,159,159,114426.751400555,242
50,0.5,0.01,4,325,159,159,114426.751400555,2978
50,0.5,0.01,4,325,159,159,114426.751400555,4466
50,0.5,0.01,4,159,159,205,118324.810973698,290
50,0.5,0.01,4,159,159,159,115056.35952459,4946
50,0.5,0.01,4,197,159,325,123392.334221622,2210
50,0.5,0.01,4,159,159,325,114426.751400555,3794
50,0.5,0.01,4,159,159,159,115056.35952459,2018
50,0.5,0.01,16,159,159,159,115056.35952459,638
50,0.5,0.01,16,159,159,325,114426.751400555,218
50,0.5,0.01,16,325,186,159,126520.669441425,4880
50,0.5,0.01,16,325,159,159,114426.751400555,3452
50,0.5,0.01,16,186,159,197,126034.275286743,470
50,0.5,0.01,16,159,205,325,126520.669441457,2654
50,0.5,0.01,16,204,159,325,120593.775640039,4208
50,0.5,0.01,16,204,159,325,120593.775640039,2318
50,0.5,0.01,16,159,159,205,118324.810973698,1310
50,0.5,0.01,16,159,159,325,114426.751400555,5006
50,0.5,0.01,48,204,159,197,124381.740039929,3092
50,0.5,0.01,48,325,202,159,120593.775640039,4756
50,0.5,0.01,48,159,202,197,124381.740039929,492
50,0.5,0.01,48,159,205,159,118324.810973698,1272
50,0.5,0.01,48,186,197,159,126034.275286743,882
50,0.5,0.01,48,159,325,159,114426.751400555,1610
50,0.5,0.01,48,159,159,159,115056.35952459,3404
50,0.5,0.01,48,325,159,159,114426.751400555,3040
50,0.5,0.01,48,159,159,325,114426.751400555,414
50,0.5,0.01,48,159,202,159,115475.141019003,4418
50,0.5,0.01,88,159,325,159,114426.751400555,1322
50,0.5,0.01,88,159,159,325,114426.751400555,1958
50,0.5,0.01,88,159,159,325,114426.751400555,1886
50,0.5,0.01,88,202,197,159,124381.740039929,4412
50,0.5,0.01,88,204,112,159,130163.670457129,4658
50,0.5,0.01,88,159,131,159,120303.245560363,4844
50,0.5,0.01,88,159,159,204,115475.141019003,2834
50,0.5,0.01,88,159,159,325,114426.751400555,4220
50,0.5,0.01,88,202,159,155,128059.807698911,4244
50,0.5,0.01,88,159,205,159,118324.810973698,3614
50,0.5,0.05,4,159,325,159,114426.751400555,1538
50,0.5,0.05,4,325,159,159,114426.751400555,4226
50,0.5,0.05,4,159,159,325,114426.751400555,4418
50,0.5,0.05,4,325,159,159,114426.751400555,3314
50,0.5,0.05,4,159,325,159,114426.751400555,3026
50,0.5,0.05,4,159,325,159,114426.751400555,962
50,0.5,0.05,4,159,159,204,115475.141019003,4946
50,0.5,0.05,4,325,159,159,114426.751400555,722
50,0.5,0.05,4,159,159,325,114426.751400555,1298
50,0.5,0.05,4,325,159,159,114426.751400555,4466
50,0.5,0.05,16,159,159,325,114426.751400555,3368
50,0.5,0.05,16,159,325,159,114426.751400555,1520
50,0.5,0.05,16,159,325,159,114426.751400555,1142
50,0.5,0.05,16,159,159,204,115475.141019003,2612
50,0.5,0.05,16,159,159,159,115056.35952459,3158
50,0.5,0.05,16,325,159,159,114426.751400555,1604
50,0.5,0.05,16,159,159,204,115475.141019003,4796
50,0.5,0.05,16,159,159,159,115056.35952459,4376
50,0.5,0.05,16,159,159,325,114426.751400555,1730
50,0.5,0.05,16,159,159,325,114426.751400555,596
50,0.5,0.05,48,159,159,325,114426.751400555,1584
50,0.5,0.05,48,159,159,325,114426.751400555,3092
50,0.5,0.05,48,159,159,325,114426.751400555,674
50,0.5,0.05,48,159,325,159,114426.751400555,570
50,0.5,0.05,48,159,325,159,114426.751400555,2208
50,0.5,0.05,48,202,159,325,120593.775640039,1324
50,0.5,0.05,48,159,325,159,114426.751400555,3950
50,0.5,0.05,48,159,325,159,114426.751400555,1870
50,0.5,0.05,48,159,159,159,115056.35952459,3300
50,0.5,0.05,48,159,325,159,114426.751400555,2468
50,0.5,0.05,88,159,159,325,114426.751400555,1466
50,0.5,0.05,88,159,159,325,114426.751400555,2222
50,0.5,0.05,88,159,159,325,114426.751400555,1202
50,0.5,0.05,88,159,325,159,114426.751400555,362
50,0.5,0.05,88,159,159,325,114426.751400555,1634
50,0.5,0.05,88,325,159,159,114426.751400555,4406
50,0.5,0.05,88,325,159,159,114426.751400555,2852
50,0.5,0.05,88,159,159,325,114426.751400555,1172
50,0.5,0.05,88,159,159,325,114426.751400555,2972
50,0.5,0.05,88,159,159,325,114426.751400555,3992
50,0.5,0.2,4,159,325,159,114426.751400555,4994
50,0.5,0.2,4,159,159,325,114426.751400555,722
50,0.5,0.2,4,325,159,159,114426.751400555,2258
50,0.5,0.2,4,159,325,159,114426.751400555,722
50,0.5,0.2,4,159,325,159,114426.751400555,482
50,0.5,0.2,4,159,325,159,114426.751400555,1826
50,0.5,0.2,4,159,159,325,114426.751400555,1442
50,0.5,0.2,4,159,325,159,114426.751400555,962
50,0.5,0.2,4,159,325,159,114426.751400555,1970
50,0.5,0.2,4,325,159,159,114426.751400555,2066
50,0.5,0.2,16,159,159,325,114426.751400555,1226
50,0.5,0.2,16,159,159,325,114426.751400555,2528
50,0.5,0.2,16,159,159,325,114426.751400555,302
50,0.5,0.2,16,159,159,325,114426.751400555,3746
50,0.5,0.2,16,159,159,325,114426.751400555,2444
50,0.5,0.2,16,159,325,159,114426.751400555,1268
50,0.5,0.2,16,325,159,159,114426.751400555,1058
50,0.5,0.2,16,325,159,159,114426.751400555,1100
50,0.5,0.2,16,159,325,159,114426.751400555,1436
50,0.5,0.2,16,159,325,159,114426.751400555,1142
50,0.5,0.2,48,159,159,325,114426.751400555,752
50,0.5,0.2,48,159,159,325,114426.751400555,2728
50,0.5,0.2,48,159,325,159,114426.751400555,414
50,0.5,0.2,48,159,325,159,114426.751400555,1844
50,0.5,0.2,48,159,325,159,114426.751400555,1142
50,0.5,0.2,48,325,159,159,114426.751400555,778
50,0.5,0.2,48,159,159,325,114426.751400555,1428
50,0.5,0.2,48,159,159,325,114426.751400555,934
50,0.5,0.2,48,325,159,159,114426.751400555,1064
50,0.5,0.2,48,159,325,159,114426.751400555,986
50,0.5,0.2,88,159,325,159,114426.751400555,2552
50,0.5,0.2,88,325,159,159,114426.751400555,788
50,0.5,0.2,88,325,159,159,114426.751400555,434
50,0.5,0.2,88,159,159,325,114426.751400555,440
50,0.5,0.2,88,159,325,159,114426.751400555,1004
50,0.5,0.2,88,159,325,159,114426.751400555,1640
50,0.5,0.2,88,159,325,159,114426.751400555,818
50,0.5,0.2,88,159,325,159,114426.751400555,872
50,0.5,0.2,88,159,159,325,114426.751400555,1334
50,0.5,0.2,88,159,159,325,114426.751400555,812
50,0.5,0.5,4,204,159,159,115475.141019003,1058
50,0.5,0.5,4,159,159,159,115056.35952459,4370
50,0.5,0.5,4,159,325,159,114426.751400555,1634
50,0.5,0.5,4,159,159,325,114426.751400555,914
50,0.5,0.5,4,159,159,159,115056.35952459,3026
50,0.5,0.5,4,159,325,159,114426.751400555,2258
50,0.5,0.5,4,159,325,159,114426.751400555,1202
50,0.5,0.5,4,159,325,159,114426.751400555,3170
50,0.5,0.5,4,325,159,159,114426.751400555,1826
50,0.5,0.5,4,159,325,159,114426.751400555,3938
50,0.5,0.5,16,159,325,159,114426.751400555,806
50,0.5,0.5,16,325,159,159,114426.751400555,638
50,0.5,0.5,16,159,325,159,114426.751400555,890
50,0.5,0.5,16,159,159,325,114426.751400555,932
50,0.5,0.5,16,159,159,325,114426.751400555,2570
50,0.5,0.5,16,159,325,159,114426.751400555,1016
50,0.5,0.5,16,159,159,325,114426.751400555,2150
50,0.5,0.5,16,159,159,325,114426.751400555,1730
50,0.5,0.5,16,159,159,325,114426.751400555,1016
50,0.5,0.5,16,159,325,159,114426.751400555,554
50,0.5,0.5,48,325,159,159,114426.751400555,1168
50,0.5,0.5,48,159,159,325,114426.751400555,960
50,0.5,0.5,48,159,159,325,114426.751400555,492
50,0.5,0.5,48,159,159,325,114426.751400555,1246
50,0.5,0.5,48,159,325,159,114426.751400555,1922
50,0.5,0.5,48,159,325,159,114426.751400555,1558
50,0.5,0.5,48,159,325,159,114426.751400555,960
50,0.5,0.5,48,159,325,159,114426.751400555,1012
50,0.5,0.5,48,159,159,325,114426.751400555,570
50,0.5,0.5,48,159,325,159,114426.751400555,492
50,0.5,0.5,88,159,159,325,114426.751400555,734
50,0.5,0.5,88,159,325,159,114426.751400555,476
50,0.5,0.5,88,159,159,325,114426.751400555,854
50,0.5,0.5,88,159,325,159,114426.751400555,1406
50,0.5,0.5,88,159,159,325,114426.751400555,548
50,0.5,0.5,88,325,159,159,114426.751400555,836
50,0.5,0.5,88,159,325,159,114426.751400555,1592
50,0.5,0.5,88,159,159,325,114426.751400555,368
50,0.5,0.5,88,159,159,325,114426.751400555,1952
50,0.5,0.5,88,159,159,325,114426.751400555,530
50,0.7,0.01,4,325,204,159,120593.775640039,3458
50,0.7,0.01,4,159,159,205,118324.810973698,4994
50,0.7,0.01,4,159,325,159,114426.751400555,242
50,0.7,0.01,4,325,159,202,120593.775640039,3410
50,0.7,0.01,4,159,204,131,125369.657386375,1538
50,0.7,0.01,4,202,159,197,124381.740039929,386
50,0.7,0.01,4,159,159,325,114426.751400555,2642
50,0.7,0.01,4,159,204,131,125369.657386375,482
50,0.7,0.01,4,197,215,161,185523.925530817,3170
50,0.7,0.01,4,159,325,159,114426.751400555,3938
50,0.7,0.01,16,202,159,159,115475.141019003,2444
50,0.7,0.01,16,159,325,159,114426.751400555,4460
50,0.7,0.01,16,202,159,159,115475.141019003,4670
50,0.7,0.01,16,325,159,197,123392.334221622,1940
50,0.7,0.01,16,159,159,325,114426.751400555,3662
50,0.7,0.01,16,159,325,159,114426.751400555,2234
50,0.7,0.01,16,159,215,159,119953.142166396,1436
50,0.7,0.01,16,159,325,197,123392.334221622,4502
50,0.7,0.01,16,325,202,159,120593.775640039,638
50,0.7,0.01,16,159,325,197,123392.334221622,1604
50,0.7,0.01,48,325,159,159,114426.751400555,2572
50,0.7,0.01,48,159,215,159,119953.142166396,388
50,0.7,0.01,48,159,159,325,114426.751400555,2702
50,0.7,0.01,48,202,159,197,124381.740039929,5016
50,0.7,0.01,48,202,159,325,120593.775640039,258
50,0.7,0.01,48,159,159,217,123755.333460562,4288
50,0.7,0.01,48,159,204,159,115475.141019003,3794
50,0.7,0.01,48,159,325,202,120593.775640039,752
50,0.7,0.01,48,159,159,325,114426.751400555,2156
50,0.7,0.01,48,325,159,159,114426.751400555,4678
50,0.7,0.01,88,159,325,202,120593.775640039,2150
50,0.7,0.01,88,325,159,204,120593.775640039,530
50,0.7,0.01,88,202,131,159,125369.657386375,2042
50,0.7,0.01,88,215,129,159,132766.624554842,4514
50,0.7,0.01,88,159,159,325,114426.751400555,3752
50,0.7,0.01,88,159,159,325,114426.751400555,1808
50,0.7,0.01,88,159,159,159,115056.35952459,4892
50,0.7,0.01,88,215,159,159,119953.142166396,2456
50,0.7,0.01,88,159,204,159,115475.141019003,3566
50,0.7,0.01,88,159,202,159,115475.141019003,2192
50,0.7,0.05,4,159,159,325,114426.751400555,4178
50,0.7,0.05,4,159,159,325,114426.751400555,4082
50,0.7,0.05,4,159,325,159,114426.751400555,1490
50,0.7,0.05,4,325,159,159,114426.751400555,3410
50,0.7,0.05,4,159,325,159,114426.751400555,3650
50,0.7,0.05,4,159,325,159,114426.751400555,2498
50,0.7,0.05,4,159,159,325,114426.751400555,2786
50,0.7,0.05,4,159,325,159,114426.751400555,1826
50,0.7,0.05,4,159,159,159,115056.35952459,3986
50,0.7,0.05,4,159,159,159,115056.35952459,3266
50,0.7,0.05,16,159,159,325,114426.751400555,3746
50,0.7,0.05,16,325,159,159,114426.751400555,2528
50,0.7,0.05,16,325,159,159,114426.751400555,1940
50,0.7,0.05,16,159,159,159,115056.35952459,3746
50,0.7,0.05,16,159,159,325,114426.751400555,1226
50,0.7,0.05,16,159,159,202,115475.141019003,3956
50,0.7,0.05,16,159,325,159,114426.751400555,2486
50,0.7,0.05,16,159,325,159,114426.751400555,3158
50,0.7,0.05,16,325,159,159,114426.751400555,4502
50,0.7,0.05,16,159,325,159,114426.751400555,218
50,0.7,0.05,48,159,325,159,114426.751400555,986
50,0.7,0.05,48,159,159,325,114426.751400555,492
50,0.7,0.05,48,159,159,325,114426.751400555,2338
50,0.7,0.05,48,159,325,159,114426.751400555,3820
50,0.7,0.05,48,159,159,325,114426.751400555,3430
50,0.7,0.05,48,159,159,159,115056.35952459,3898
50,0.7,0.05,48,159,159,325,114426.751400555,986
50,0.7,0.05,48,159,325,159,114426.751400555,3430
50,0.7,0.05,48,159,325,159,114426.751400555,2520
50,0.7,0.05,48,159,325,159,114426.751400555,4288
50,0.7,0.05,88,159,325,159,114426.751400555,1358
50,0.7,0.05,88,159,159,325,114426.751400555,3200
50,0.7,0.05,88,159,325,159,114426.751400555,3860
50,0.7,0.05,88,159,159,159,115056.35952459,2336
50,0.7,0.05,88,159,325,159,114426.751400555,2000
50,0.7,0.05,88,159,159,325,114426.751400555,530
50,0.7,0.05,88,325,159,159,114426.751400555,1592
50,0.7,0.05,88,325,159,159,114426.751400555,968
50,0.7,0.05,88,159,325,159,114426.751400555,3656
50,0.7,0.05,88,325,159,159,114426.751400555,1916
50,0.7,0.2,4,159,159,325,114426.751400555,482
50,0.7,0.2,4,159,325,159,114426.751400555,770
50,0.7,0.2,4,159,325,159,114426.751400555,4082
50,0.7,0.2,4,325,159,159,114426.751400555,1058
50,0.7,0.2,4,159,325,159,114426.751400555,4706
50,0.7,0.2,4,159,159,325,114426.751400555,1538
50,0.7,0.2,4,159,325,159,114426.751400555,2690
50,0.7,0.2,4,159,325,159,114426.751400555,3938
50,0.7,0.2,4,159,325,159,114426.751400555,386
50,0.7,0.2,4,325,159,159,114426.751400555,1154
50,0.7,0.2,16,325,159,159,114426.751400555,2696
50,0.7,0.2,16,325,159,159,114426.751400555,1898
50,0.7,0.2,16,159,325,159,114426.751400555,638
50,0.7,0.2,16,159,159,325,114426.751400555,554
50,0.7,0.2,16,159,325,159,114426.751400555,512
50,0.7,0.2,16,159,159,325,114426.751400555,386
50,0.7,0.2,16,325,159,159,114426.751400555,470
50,0.7,0.2,16,159,159,325,114426.751400555,344
50,0.7,0.2,16,159,325,159,114426.751400555,1394
50,0.7,0.2,16,159,159,325,114426.751400555,1436
50,0.7,0.2,48,159,159,325,114426.751400555,830
50,0.7,0.2,48,159,159,325,114426.751400555,466
50,0.7,0.2,48,159,159,325,114426.751400555,1480
50,0.7,0.2,48,159,325,159,114426.751400555,778
50,0.7,0.2,48,159,325,159,114426.751400555,1064
50,0.7,0.2,48,159,325,159,114426.751400555,2520
50,0.7,0.2,48,159,325,159,114426.751400555,284
50,0.7,0.2,48,325,159,159,114426.751400555,622
50,0.7,0.2,48,159,325,159,114426.751400555,3144
50,0.7,0.2,48,159,325,159,114426.751400555,1844
50,0.7,0.2,88,159,159,325,114426.751400555,686
50,0.7,0.2,88,159,325,159,114426.751400555,1208
50,0.7,0.2,88,159,159,325,114426.751400555,4178
50,0.7,0.2,88,159,159,325,114426.751400555,2024
50,0.7,0.2,88,159,325,159,114426.751400555,218
50,0.7,0.2,88,159,159,325,114426.751400555,1460
50,0.7,0.2,88,159,325,159,114426.751400555,536
50,0.7,0.2,88,159,159,325,114426.751400555,1334
50,0.7,0.2,88,325,159,159,114426.751400555,428
50,0.7,0.2,88,159,325,159,114426.751400555,974
50,0.7,0.5,4,159,159,325,114426.751400555,2162
50,0.7,0.5,4,325,159,159,114426.751400555,2306
50,0.7,0.5,4,202,159,159,115475.141019003,1442
50,0.7,0.5,4,159,159,325,114426.751400555,482
50,0.7,0.5,4,159,325,159,114426.751400555,1778
50,0.7,0.5,4,159,159,325,114426.751400555,2066
50,0.7,0.5,4,159,159,159,115056.35952459,2978
50,0.7,0.5,4,159,204,159,115475.141019003,434
50,0.7,0.5,4,159,159,325,114426.751400555,1586
50,0.7,0.5,4,159,204,159,115475.141019003,3026
50,0.7,0.5,16,159,159,325,114426.751400555,3200
50,0.7,0.5,16,159,325,159,114426.751400555,1814
50,0.7,0.5,16,159,159,159,115056.35952459,3158
50,0.7,0.5,16,325,159,159,114426.751400555,1184
50,0.7,0.5,16,159,159,159,115056.35952459,3872
50,0.7,0.5,16,325,159,159,114426.751400555,1940
50,0.7,0.5,16,325,159,159,114426.751400555,1310
50,0.7,0.5,16,325,159,159,114426.751400555,2276
50,0.7,0.5,16,159,159,325,114426.751400555,3536
50,0.7,0.5,16,159,159,325,114426.751400555,848
50,0.7,0.5,48,325,159,159,114426.751400555,700
50,0.7,0.5,48,159,325,159,114426.751400555,908
50,0.7,0.5,48,159,159,325,114426.751400555,2052
50,0.7,0.5,48,159,159,325,114426.751400555,1610
50,0.7,0.5,48,159,159,325,114426.751400555,1532
50,0.7,0.5,48,159,159,325,114426.751400555,1662
50,0.7,0.5,48,159,159,325,114426.751400555,2156
50,0.7,0.5,48,159,159,325,114426.751400555,570
50,0.7,0.5,48,159,159,325,114426.751400555,778
50,0.7,0.5,48,159,159,325,114426.751400555,1480
50,0.7,0.5,88,325,159,159,114426.751400555,380
50,0.7,0.5,88,325,159,159,114426.751400555,1754
50,0.7,0.5,88,159,159,325,114426.751400555,950
50,0.7,0.5,88,159,159,325,114426.751400555,398
50,0.7,0.5,88,159,159,325,114426.751400555,1226
50,0.7,0.5,88,159,325,159,114426.751400555,644
50,0.7,0.5,88,325,159,159,114426.751400555,860
50,0.7,0.5,88,159,159,325,114426.751400555,722
50,0.7,0.5,88,159,325,159,114426.751400555,1760
50,0.7,0.5,88,159,159,325,114426.751400555,1670
50,0.9,0.01,4,131,205,163,200119.453960234,434
50,0.9,0.01,4,204,159,159,115475.141019003,962
50,0.9,0.01,4,159,202,155,128059.807698911,1106
50,0.9,0.01,4,325,159,159,114426.751400555,338
50,0.9,0.01,4,159,155,159,125191.16519389,2594
50,0.9,0.01,4,159,159,159,115056.35952459,3122
50,0.9,0.01,4,155,215,159,132929.005922276,5042
50,0.9,0.01,4,204,159,325,120593.775640039,2546
50,0.9,0.01,4,325,159,159,114426.751400555,2978
50,0.9,0.01,4,159,159,159,115056.35952459,3218
50,0.9,0.01,16,204,159,159,115475.141019003,1436
50,0.9,0.01,16,112,159,159,121819.171489213,1562
50,0.9,0.01,16,159,202,159,115475.141019003,4712
50,0.9,0.01,16,159,159,159,115056.35952459,302
50,0.9,0.01,16,159,325,159,114426.751400555,848
50,0.9,0.01,16,205,325,159,126520.669441457,4166
50,0.9,0.01,16,159,159,159,115056.35952459,2612
50,0.9,0.01,16,159,159,325,114426.751400555,1646
50,0.9,0.01,16,155,155,186,149086.153423455,1520
50,0.9,0.01,16,186,159,325,126520.669441425,554
50,0.9,0.01,48,159,204,325,120593.775640039,4912
50,0.9,0.01,48,202,159,159,115475.141019003,3248
50,0.9,0.01,48,159,159,202,115475.141019003,2624
50,0.9,0.01,48,159,202,159,115475.141019003,2832
50,0.9,0.01,48,159,159,204,115475.141019003,3924
50,0.9,0.01,48,159,325,197,123392.334221622,2936
50,0.9,0.01,48,202,215,159,127752.709570489,1558
50,0.9,0.01,48,159,159,159,115056.35952459,1974
50,0.9,0.01,48,159,159,159,115056.35952459,414
50,0.9,0.01,48,325,159,159,114426.751400555,4106
50,0.9,0.01,88,159,325,159,114426.751400555,4436
50,0.9,0.01,88,202,159,159,115475.141019003,476
50,0.9,0.01,88,159,202,197,124381.740039929,4502
50,0.9,0.01,88,159,159,159,115056.35952459,4952
50,0.9,0.01,88,159,159,325,114426.751400555,1346
50,0.9,0.01,88,159,159,325,114426.751400555,2906
50,0.9,0.01,88,325,159,159,114426.751400555,4220
50,0.9,0.01,88,159,159,159,115056.35952459,4850
50,0.9,0.01,88,204,159,159,115475.141019003,2876
50,0.9,0.01,88,159,205,159,118324.810973698,4838
50,0.9,0.05,4,159,325,159,114426.751400555,1202
50,0.9,0.05,4,159,325,159,114426.751400555,242
50,0.9,0.05,4,159,159,325,114426.751400555,4610
50,0.9,0.05,4,159,159,325,114426.751400555,2834
50,0.9,0.05,4,325,159,159,114426.751400555,3554
50,0.9,0.05,4,159,325,159,114426.751400555,3794
50,0.9,0.05,4,159,325,159,114426.751400555,1730
50,0.9,0.05,4,325,159,159,114426.751400555,4418
50,0.9,0.05,4,159,325,159,114426.751400555,1298
50,0.9,0.05,4,159,159,159,115056.35952459,2738
50,0.9,0.05,16,159,325,159,114426.751400555,3998
50,0.9,0.05,16,325,159,159,114426.751400555,470
50,0.9,0.05,16,202,159,159,115475.141019003,1268
50,0.9,0.05,16,325,159,159,114426.751400555,2486
50,0.9,0.05,16,325,159,159,114426.751400555,2066
50,0.9,0.05,16,159,159,325,114426.751400555,1730
50,0.9,0.05,16,325,159,159,114426.751400555,1856
50,0.9,0.05,16,325,159,159,114426.751400555,1310
50,0.9,0.05,16,159,325,159,114426.751400555,1898
50,0.9,0.05,16,325,202,159,120593.775640039,2612
50,0.9,0.05,48,159,325,159,114426.751400555,1662
50,0.9,0.05,48,159,159,325,114426.751400555,1740
50,0.9,0.05,48,159,159,325,114426.751400555,1142
50,0.9,0.05,48,159,159,325,114426.751400555,1870
50,0.9,0.05,48,159,159,186,118324.810973661,1558
50,0.9,0.05,48,159,159,325,114426.751400555,2312
50,0.9,0.05,48,159,159,325,114426.751400555,1350
50,0.9,0.05,48,159,159,325,114426.751400555,3716
50,0.9,0.05,48,325,159,159,114426.751400555,1610
50,0.9,0.05,48,159,325,159,114426.751400555,3222
50,0.9,0.05,88,325,159,159,114426.751400555,2360
50,0.9,0.05,88,159,325,159,114426.751400555,2318
50,0.9,0.05,88,325,159,159,114426.751400555,938
50,0.9,0.05,88,159,325,159,114426.751400555,1412
50,0.9,0.05,88,159,159,325,114426.751400555,2366
50,0.9,0.05,88,159,159,159,115056.35952459,2144
50,0.9,0.05,88,159,159,325,114426.751400555,272
50,0.9,0.05,88,159,159,325,114426.751400555,1250
50,0.9,0.05,88,159,159,325,114426.751400555,3164
50,0.9,0.05,88,159,159,325,114426.751400555,2144
50,0.9,0.2,4,159,325,159,114426.751400555,914
50,0.9,0.2,4,325,159,159,114426.751400555,2402
50,0.9,0.2,4,159,159,325,114426.751400555,2210
50,0.9,0.2,4,159,159,325,114426.751400555,2834
50,0.9,0.2,4,325,159,159,114426.751400555,2306
50,0.9,0.2,4,159,159,325,114426.751400555,578
50,0.9,0.2,4,159,325,159,114426.751400555,338
50,0.9,0.2,4,325,159,159,114426.751400555,4562
50,0.9,0.2,4,159,325,159,114426.751400555,626
50,0.9,0.2,4,159,325,159,114426.751400555,2786
50,0.9,0.2,16,159,325,159,114426.751400555,1814
50,0.9,0.2,16,159,159,325,114426.751400555,974
50,0.9,0.2,16,325,159,159,114426.751400555,2738
50,0.9,0.2,16,159,159,325,114426.751400555,386
50,0.9,0.2,16,325,159,159,114426.751400555,4712
50,0.9,0.2,16,325,159,159,114426.751400555,1058
50,0.9,0.2,16,159,325,159,114426.751400555,1604
50,0.9,0.2,16,159,325,159,114426.751400555,722
50,0.9,0.2,16,159,325,159,114426.751400555,2066
50,0.9,0.2,16,159,159,325,114426.751400555,890
50,0.9,0.2,48,159,159,325,114426.751400555,1506
50,0.9,0.2,48,159,325,159,114426.751400555,1870
50,0.9,0.2,48,325,159,159,114426.751400555,856
50,0.9,0.2,48,159,325,159,114426.751400555,1038
50,0.9,0.2,48,325,159,159,114426.751400555,3248
50,0.9,0.2,48,159,159,325,114426.751400555,1792
50,0.9,0.2,48,159,159,325,114426.751400555,1376
50,0.9,0.2,48,325,159,159,114426.751400555,2494
50,0.9,0.2,48,159,325,159,114426.751400555,960
50,0.9,0.2,48,325,159,159,114426.751400555,466
50,0.9,0.2,88,159,159,325,114426.751400555,1058
50,0.9,0.2,88,325,159,159,114426.751400555,1172
50,0.9,0.2,88,159,159,325,114426.751400555,368
50,0.9,0.2,88,159,325,159,114426.751400555,926
50,0.9,0.2,88,159,159,325,114426.751400555,1160
50,0.9,0.2,88,159,159,325,114426.751400555,1526
50,0.9,0.2,88,159,325,159,114426.751400555,428
50,0.9,0.2,88,325,159,159,114426.751400555,1262
50,0.9,0.2,88,159,159,325,114426.751400555,932
50,0.9,0.2,88,325,159,159,114426.751400555,806
50,0.9,0.5,4,159,159,159,115056.35952459,2450
50,0.9,0.5,4,202,159,159,115475.141019003,1922
50,0.9,0.5,4,325,159,159,114426.751400555,482
50,0.9,0.5,4,159,159,325,114426.751400555,2258
50,0.9,0.5,4,325,159,159,114426.751400555,4850
50,0.9,0.5,4,159,159,159,115056.35952459,4226
50,0.9,0.5,4,159,204,159,115475.141019003,4754
50,0.9,0.5,4,325,159,159,114426.751400555,338
50,0.9,0.5,4,159,159,204,115475.141019003,1970
50,0.9,0.5,4,159,325,159,114426.751400555,4754
50,0.9,0.5,16,159,159,325,114426.751400555,1184
50,0.9,0.5,16,159,159,325,114426.751400555,2570
50,0.9,0.5,16,159,159,325,114426.751400555,1856
50,0.9,0.5,16,159,325,159,114426.751400555,2192
50,0.9,0.5,16,325,159,159,114426.751400555,596
50,0.9,0.5,16,159,159,325,114426.751400555,2024
50,0.9,0.5,16,159,159,325,114426.751400555,1730
50,0.9,0.5,16,159,159,325,114426.751400555,1436
50,0.9,0.5,16,159,325,159,114426.751400555,3788
50,0.9,0.5,16,159,325,159,114426.751400555,1940
50,0.9,0.5,48,159,159,325,114426.751400555,726
50,0.9,0.5,48,159,325,159,114426.751400555,1428
50,0.9,0.5,48,159,159,325,114426.751400555,1116
50,0.9,0.5,48,159,159,325,114426.751400555,1610
50,0.9,0.5,48,159,159,325,114426.751400555,856
50,0.9,0.5,48,159,325,159,114426.751400555,1636
50,0.9,0.5,48,325,159,159,114426.751400555,1220
50,0.9,0.5,48,325,159,159,114426.751400555,1584
50,0.9,0.5,48,159,159,325,114426.751400555,362
50,0.9,0.5,48,159,325,159,114426.751400555,1662
50,0.9,0.5,88,159,325,159,114426.751400555,974
50,0.9,0.5,88,159,325,159,114426.751400555,734
50,0.9,0.5,88,159,325,159,114426.751400555,1052
50,0.9,0.5,88,159,325,159,114426.751400555,986
50,0.9,0.5,88,159,325,159,114426.751400555,1520
50,0.9,0.5,88,325,159,159,114426.751400555,632
50,0.9,0.5,88,159,159,325,114426.751400555,2846
50,0.9,0.5,88,159,159,325,114426.751400555,1334
50,0.9,0.5,88,325,159,159,114426.751400555,932
50,0.9,0.5,88,325,159,159,114426.751400555,812
100,0.5,0.01,4,159,325,159,114426.751400555,4420
100,0.5,0.01,4,159,159,325,114426.751400555,676
100,0.5,0.01,4,159,202,197,124381.740039929,388
100,0.5,0.01,4,159,159,159,115056.35952459,580
100,0.5,0.01,4,159,186,159,118324.810973661,676
100,0.5,0.01,4,159,202,159,115475.141019003,4708
100,0.5,0.01,4,204,159,159,115475.141019003,676
100,0.5,0.01,4,159,159,202,115475.141019003,484
100,0.5,0.01,4,159,325,159,114426.751400555,1348
100,0.5,0.01,4,159,204,325,120593.775640039,868
100,0.5,0.01,16,325,159,159,114426.751400555,520
100,0.5,0.01,16,159,325,159,114426.751400555,688
100,0.5,0.01,16,325,159,159,114426.751400555,1528
100,0.5,0.01,16,159,159,159,115056.35952459,436
100,0.5,0.01,16,129,159,325,126709.846575714,1864
100,0.5,0.01,16,159,159,325,114426.751400555,2200
100,0.5,0.01,16,325,159,159,114426.751400555,4132
100,0.5,0.01,16,159,159,202,115475.141019003,1276
100,0.5,0.01,16,325,159,159,114426.751400555,4972
100,0.5,0.01,16,204,325,159,120593.775640039,940
100,0.5,0.01,48,197,159,325,123392.334221622,2596
100,0.5,0.01,48,325,159,186,126520.669441425,3064
100,0.5,0.01,48,204,159,159,115475.141019003,3012
100,0.5,0.01,48,159,159,325,114426.751400555,1192
100,0.5,0.01,48,325,159,159,114426.751400555,2076
100,0.5,0.01,48,325,159,159,114426.751400555,1608
100,0.5,0.01,48,325,159,159,114426.751400555,516
100,0.5,0.01,48,159,325,159,114426.751400555,4572
100,0.5,0.01,48,159,325,159,114426.751400555,516
100,0.5,0.01,48,325,159,204,120593.775640039,464
100,0.5,0.01,88,202,159,159,115475.141019003,4516
100,0.5,0.01,88,159,159,325,114426.751400555,4396
100,0.5,0.01,88,159,325,159,114426.751400555,3784
100,0.5,0.01,88,131,159,204,125369.657386375,3880
100,0.5,0.01,88,159,159,159,115056.35952459,4420
100,0.5,0.01,88,159,325,159,114426.751400555,4036
100,0.5,0.01,88,159,159,325,114426.751400555,2356
100,0.5,0.01,88,159,202,197,124381.740039929,4612
100,0.5,0.01,88,159,325,159,114426.751400555,508
100,0.5,0.01,88,159,159,325,114426.751400555,340
100,0.5,0.05,4,159,159,325,114426.751400555,1156
100,0.5,0.05,4,325,159,159,114426.751400555,3364
100,0.5,0.05,4,159,325,159,114426.751400555,4324
100,0.5,0.05,4,159,325,159,114426.751400555,676
100,0.5,0.05,4,159,159,325,114426.751400555,772
100,0.5,0.05,4,159,159,325,114426.751400555,2788
100,0.5,0.05,4,325,159,159,114426.751400555,3364
100,0.5,0.05,4,325,159,159,114426.751400555,2020
100,0.5,0.05,4,159,159,325,114426.751400555,3652
100,0.5,0.05,4,159,159,325,114426.751400555,772
100,0.5,0.05,16,159,325,159,114426.751400555,1780
100,0.5,0.05,16,159,159,159,115056.35952459,4048
100,0.5,0.05,16,159,325,159,114426.751400555,1528
100,0.5,0.05,16,159,159,325,114426.751400555,1276
100,0.5,0.05,16,159,202,159,115475.141019003,1192
100,0.5,0.05,16,159,325,159,114426.751400555,1864
100,0.5,0.05,16,159,159,325,114426.751400555,1696
100,0.5,0.05,16,325,159,159,114426.751400555,2200
100,0.5,0.05,16,325,159,159,114426.751400555,688
100,0.5,0.05,16,159,159,325,114426.751400555,772
100,0.5,0.05,48,159,159,325,114426.751400555,1400
100,0.5,0.05,48,159,325,159,114426.751400555,1036
100,0.5,0.05,48,159,325,159,114426.751400555,2492
100,0.5,0.05,48,159,325,159,114426.751400555,1972
100,0.5,0.05,48,325,159,159,114426.751400555,3896
100,0.5,0.05,48,159,159,325,114426.751400555,3064
100,0.5,0.05,48,325,159,159,114426.751400555,984
100,0.5,0.05,48,159,159,325,114426.751400555,2024
100,0.5,0.05,48,159,325,159,114426.751400555,1504
100,0.5,0.05,48,325,159,159,114426.751400555,880
100,0.5,0.05,88,159,159,204,115475.141019003,568
100,0.5,0.05,88,325,159,159,114426.751400555,604
100,0.5,0.05,88,325,159,159,114426.751400555,3412
100,0.5,0.05,88,159,159,325,114426.751400555,2176
100,0.5,0.05,88,325,159,159,114426.751400555,1624
100,0.5,0.05,88,159,325,159,114426.751400555,472
100,0.5,0.05,88,325,159,159,114426.751400555,1348
100,0.5,0.05,88,159,325,159,114426.751400555,400
100,0.5,0.05,88,159,325,159,114426.751400555,496
100,0.5,0.05,88,159,325,159,114426.751400555,2836
100,0.5,0.2,4,325,159,159,114426.751400555,1060
100,0.5,0.2,4,159,159,325,114426.751400555,1540
100,0.5,0.2,4,159,159,325,114426.751400555,1060
100,0.5,0.2,4,159,159,325,114426.751400555,676
100,0.5,0.2,4,325,159,159,114426.751400555,772
100,0.5,0.2,4,159,325,159,114426.751400555,2596
100,0.5,0.2,4,325,159,159,114426.751400555,676
100,0.5,0.2,4,159,325,159,114426.751400555,2116
100,0.5,0.2,4,159,325,159,114426.751400555,2788
100,0.5,0.2,4,325,159,159,114426.751400555,1444
100,0.5,0.2,16,159,159,325,114426.751400555,1780
100,0.5,0.2,16,325,159,159,114426.751400555,2116
100,0.5,0.2,16,159,159,325,114426.751400555,1024
100,0.5,0.2,16,159,325,159,114426.751400555,940
100,0.5,0.2,16,159,159,325,114426.751400555,1612
100,0.5,0.2,16,325,159,159,114426.751400555,604
100,0.5,0.2,16,159,325,159,114426.751400555,688
100,0.5,0.2,16,159,159,325,114426.751400555,520
100,0.5,0.2,16,159,325,159,114426.751400555,1780
100,0.5,0.2,16,159,159,325,114426.751400555,3964
100,0.5,0.2,48,159,325,159,114426.751400555,776
100,0.5,0.2,48,159,325,159,114426.751400555,464
100,0.5,0.2,48,325,159,159,114426.751400555,620
100,0.5,0.2,48,159,159,325,114426.751400555,2024
100,0.5,0.2,48,325,159,159,114426.751400555,672
100,0.5,0.2,48,159,159,325,114426.751400555,1036
100,0.5,0.2,48,325,159,159,114426.751400555,620
100,0.5,0.2,48,325,159,159,114426.751400555,1452
100,0.5,0.2,48,159,325,159,114426.751400555,1556
100,0.5,0.2,48,159,325,159,114426.751400555,724
100,0.5,0.2,88,159,159,325,114426.751400555,640
100,0.5,0.2,88,159,159,325,114426.751400555,448
100,0.5,0.2,88,159,325,159,114426.751400555,2560
100,0.5,0.2,88,159,159,325,114426.751400555,1324
100,0.5,0.2,88,325,159,159,114426.751400555,1600
100,0.5,0.2,88,325,159,159,114426.751400555,292
100,0.5,0.2,88,159,159,325,114426.751400555,976
100,0.5,0.2,88,159,325,159,114426.751400555,844
100,0.5,0.2,88,159,325,159,114426.751400555,1336
100,0.5,0.2,88,159,159,325,114426.751400555,3016
100,0.5,0.5,4,215,159,159,119953.142166396,2404
100,0.5,0.5,4,159,159,204,115475.141019003,1252
100,0.5,0.5,4,159,159,325,114426.751400555,1060
100,0.5,0.5,4,159,159,202,115475.141019003,4324
100,0.5,0.5,4,159,159,325,114426.751400555,4708
100,0.5,0.5,4,159,325,159,114426.751400555,484
100,0.5,0.5,4,159,325,159,114426.751400555,4420
100,0.5,0.5,4,325,159,159,114426.751400555,2500
100,0.5,0.5,4,159,159,325,114426.751400555,4804
100,0.5,0.5,4,159,159,325,114426.751400555,2116
100,0.5,0.5,16,159,159,325,114426.751400555,2704
100,0.5,0.5,16,159,159,325,114426.751400555,1108
100,0.5,0.5,16,159,159,325,114426.751400555,856
100,0.5,0.5,16,159,325,159,114426.751400555,3040
100,0.5,0.5,16,159,325,159,114426.751400555,3208
100,0.5,0.5,16,159,159,325,114426.751400555,436
100,0.5,0.5,16,159,159,325,114426.751400555,1696
100,0.5,0.5,16,159,325,159,114426.751400555,1948
100,0.5,0.5,16,159,325,159,114426.751400555,2284
100,0.5,0.5,16,159,159,325,114426.751400555,2116
100,0.5,0.5,48,159,159,325,114426.751400555,1296
100,0.5,0.5,48,159,159,325,114426.751400555,2856
100,0.5,0.5,48,159,325,159,114426.751400555,4624
100,0.5,0.5,48,159,325,159,114426.751400555,1192
100,0.5,0.5,48,159,159,325,114426.751400555,1348
100,0.5,0.5,48,159,325,159,114426.751400555,1348
100,0.5,0.5,48,159,159,325,114426.751400555,2180
100,0.5,0.5,48,159,325,159,114426.751400555,2024
100,0.5,0.5,48,159,325,159,114426.751400555,2076
100,0.5,0.5,48,159,325,159,114426.751400555,880
100,0.5,0.5,88,159,159,325,114426.751400555,1528
100,0.5,0.5,88,159,325,159,114426.751400555,1600
100,0.5,0.5,88,159,325,159,114426.751400555,928
100,0.5,0.5,88,159,159,325,114426.751400555,1744
100,0.5,0.5,88,159,325,159,114426.751400555,952
100,0.5,0.5,88,159,159,325,114426.751400555,1300
100,0.5,0.5,88,159,159,325,114426.751400555,1144
100,0.5,0.5,88,159,325,159,114426.751400555,1132
100,0.5,0.5,88,159,325,159,114426.751400555,460
100,0.5,0.5,88,159,325,159,114426.751400555,1168
100,0.7,0.01,4,159,159,325,114426.751400555,3844
100,0.7,0.01,4,202,159,159,115475.141019003,4804
100,0.7,0.01,4,159,202,159,115475.141019003,3844
100,0.7,0.01,4,202,159,159,115475.141019003,1444
100,0.7,0.01,4,159,159,202,115475.141019003,676
100,0.7,0.01,4,159,159,159,115056.35952459,2212
100,0.7,0.01,4,325,159,159,114426.751400555,3460
100,0.7,0.01,4,159,159,325,114426.751400555,484
100,0.7,0.01,4,325,159,159,114426.751400555,4132
100,0.7,0.01,4,159,325,159,114426.751400555,4228
100,0.7,0.01,16,159,204,159,115475.141019003,1612
100,0.7,0.01,16,159,325,159,114426.751400555,4048
100,0.7,0.01,16,325,159,159,114426.751400555,3040
100,0.7,0.01,16,159,159,325,114426.751400555,4300
100,0.7,0.01,16,159,159,159,115056.35952459,520
100,0.7,0.01,16,159,205,159,118324.810973698,436
100,0.7,0.01,16,159,159,325,114426.751400555,1444
100,0.7,0.01,16,325,159,159,114426.751400555,4888
100,0.7,0.01,16,159,159,205,118324.810973698,520
100,0.7,0.01,16,159,325,159,114426.751400555,3964
100,0.7,0.01,48,159,325,159,114426.751400555,516
100,0.7,0.01,48,159,159,325,114426.751400555,2492
100,0.7,0.01,48,325,159,159,114426.751400555,568
100,0.7,0.01,48,159,197,325,123392.334221622,3168
100,0.7,0.01,48,159,159,159,115056.35952459,360
100,0.7,0.01,48,159,159,325,114426.751400555,568
100,0.7,0.01,48,205,159,159,118324.810973698,1400
100,0.7,0.01,48,159,159,325,114426.751400555,568
100,0.7,0.01,48,159,204,159,115475.141019003,4572
100,0.7,0.01,48,159,325,159,114426.751400555,880
100,0.7,0.01,88,159,325,159,114426.751400555,1876
100,0.7,0.01,88,159,159,159,115056.35952459,424
100,0.7,0.01,88,205,159,159,118324.810973698,4132
100,0.7,0.01,88,325,159,159,114426.751400555,3832
100,0.7,0.01,88,159,159,325,114426.751400555,580
100,0.7,0.01,88,159,159,325,114426.751400555,460
100,0.7,0.01,88,159,159,325,114426.751400555,568
100,0.7,0.01,88,159,159,325,114426.751400555,376
100,0.7,0.01,88,159,202,159,115475.141019003,2020
100,0.7,0.01,88,131,159,159,120303.245560363,4024
100,0.7,0.05,4,325,159,159,114426.751400555,3748
100,0.7,0.05,4,159,159,159,115056.35952459,4324
100,0.7,0.05,4,159,159,325,114426.751400555,3268
100,0.7,0.05,4,325,159,159,114426.751400555,676
100,0.7,0.05,4,159,325,159,114426.751400555,2116
100,0.7,0.05,4,159,159,325,114426.751400555,1060
100,0.7,0.05,4,159,159,325,114426.751400555,2212
100,0.7,0.05,4,159,159,325,114426.751400555,5092
100,0.7,0.05,4,159,325,159,114426.751400555,3556
100,0.7,0.05,4,159,159,325,114426.751400555,868
100,0.7,0.05,16,159,159,325,114426.751400555,1780
100,0.7,0.05,16,325,159,159,114426.751400555,2620
100,0.7,0.05,16,159,159,159,115056.35952459,1528
100,0.7,0.05,16,159,159,325,114426.751400555,1444
100,0.7,0.05,16,159,325,159,114426.751400555,3292
100,0.7,0.05,16,325,159,159,114426.751400555,1192
100,0.7,0.05,16,325,159,159,114426.751400555,3124
100,0.7,0.05,16,159,325,159,114426.751400555,4552
100,0.7,0.05,16,159,159,325,114426.751400555,4216
100,0.7,0.05,16,159,325,159,114426.751400555,3544
100,0.7,0.05,48,325,159,159,114426.751400555,620
100,0.7,0.05,48,159,325,159,114426.751400555,2804
100,0.7,0.05,48,159,159,325,114426.751400555,360
100,0.7,0.05,48,159,325,159,114426.751400555,2492
100,0.7,0.05,48,325,159,159,114426.751400555,2180
100,0.7,0.05,48,159,159,325,114426.751400555,1192
100,0.7,0.05,48,325,159,159,114426.751400555,776
100,0.7,0.05,48,325,159,159,114426.751400555,3740
100,0.7,0.05,48,325,159,159,114426.751400555,2076
100,0.7,0.05,48,159,159,325,114426.751400555,1764
100,0.7,0.05,88,159,159,159,115056.35952459,3064
100,0.7,0.05,88,159,202,159,115475.141019003,2176
100,0.7,0.05,88,159,159,325,114426.751400555,988
100,0.7,0.05,88,159,325,159,114426.751400555,352
100,0.7,0.05,88,159,159,325,114426.751400555,1924
100,0.7,0.05,88,325,159,159,114426.751400555,604
100,0.7,0.05,88,159,159,325,114426.751400555,412
100,0.7,0.05,88,159,159,325,114426.751400555,2236
100,0.7,0.05,88,159,159,325,114426.751400555,712
100,0.7,0.05,88,204,325,159,120593.775640039,3004
100,0.7,0.2,4,159,159,325,114426.751400555,1732
100,0.7,0.2,4,159,325,159,114426.751400555,2788
100,0.7,0.2,4,159,325,159,114426.751400555,2692
100,0.7,0.2,4,159,159,325,114426.751400555,1060
100,0.7,0.2,4,159,325,159,114426.751400555,1348
100,0.7,0.2,4,159,325,159,114426.751400555,3076
100,0.7,0.2,4,159,325,159,114426.751400555,1444
100,0.7,0.2,4,159,325,159,114426.751400555,580
100,0.7,0.2,4,159,159,325,114426.751400555,1156
100,0.7,0.2,4,159,325,159,114426.751400555,1060
100,0.7,0.2,16,325,159,159,114426.751400555,604
100,0.7,0.2,16,159,325,159,114426.751400555,2284
100,0.7,0.2,16,159,325,159,114426.751400555,1108
100,0.7,0.2,16,159,159,325,114426.751400555,3628
100,0.7,0.2,16,159,325,159,114426.751400555,856
100,0.7,0.2,16,159,159,325,114426.751400555,940
100,0.7,0.2,16,159,325,159,114426.751400555,520
100,0.7,0.2,16,159,325,159,114426.751400555,1108
100,0.7,0.2,16,159,325,159,114426.751400555,772
100,0.7,0.2,16,159,159,325,114426.751400555,1192
100,0.7,0.2,48,159,325,159,114426.751400555,984
100,0.7,0.2,48,159,159,325,114426.751400555,2752
100,0.7,0.2,48,159,159,325,114426.751400555,568
100,0.7,0.2,48,159,159,325,114426.751400555,672
100,0.7,0.2,48,325,159,159,114426.751400555,568
100,0.7,0.2,48,159,159,325,114426.751400555,1400
100,0.7,0.2,48,159,159,325,114426.751400555,1660
100,0.7,0.2,48,159,159,325,114426.751400555,776
100,0.7,0.2,48,159,325,159,114426.751400555,828
100,0.7,0.2,48,159,325,159,114426.751400555,3376
100,0.7,0.2,88,159,325,159,114426.751400555,388
100,0.7,0.2,88,159,159,325,114426.751400555,1084
100,0.7,0.2,88,159,325,159,114426.751400555,724
100,0.7,0.2,88,159,159,325,114426.751400555,1120
100,0.7,0.2,88,325,159,159,114426.751400555,1144
100,0.7,0.2,88,159,159,325,114426.751400555,1240
100,0.7,0.2,88,159,325,159,114426.751400555,388
100,0.7,0.2,88,159,159,325,114426.751400555,1588
100,0.7,0.2,88,159,325,159,114426.751400555,748
100,0.7,0.2,88,159,159,325,114426.751400555,1720
100,0.7,0.5,4,159,325,159,114426.751400555,3460
100,0.7,0.5,4,325,159,159,114426.751400555,4516
100,0.7,0.5,4,325,159,159,114426.751400555,2212
100,0.7,0.5,4,159,325,159,114426.751400555,1444
100,0.7,0.5,4,159,159,186,118324.810973661,3364
100,0.7,0.5,4,159,159,325,114426.751400555,4228
100,0.7,0.5,4,159,159,325,114426.751400555,3844
100,0.7,0.5,4,202,159,159,115475.141019003,1156
100,0.7,0.5,4,159,325,159,114426.751400555,3076
100,0.7,0.5,4,159,204,159,115475.141019003,2212
100,0.7,0.5,16,159,159,159,115056.35952459,2116
100,0.7,0.5,16,159,325,159,114426.751400555,2116
100,0.7,0.5,16,325,159,159,114426.751400555,1864
100,0.7,0.5,16,159,159,325,114426.751400555,1780
100,0.7,0.5,16,159,159,325,114426.751400555,1276
100,0.7,0.5,16,159,159,325,114426.751400555,3460
100,0.7,0.5,16,159,159,325,114426.751400555,1360
100,0.7,0.5,16,159,159,325,114426.751400555,1864
100,0.7,0.5,16,159,325,159,114426.751400555,1612
100,0.7,0.5,16,159,159,325,114426.751400555,1108
100,0.7,0.5,48,159,325,159,114426.751400555,2284
100,0.7,0.5,48,159,325,159,114426.751400555,776
100,0.7,0.5,48,159,159,325,114426.751400555,984
100,0.7,0.5,48,159,325,159,114426.751400555,2908
100,0.7,0.5,48,159,159,325,114426.751400555,2804
100,0.7,0.5,48,159,159,325,114426.751400555,2388
100,0.7,0.5,48,159,325,159,114426.751400555,1088
100,0.7,0.5,48,159,159,325,114426.751400555,2128
100,0.7,0.5,48,159,325,159,114426.751400555,2284
100,0.7,0.5,48,159,159,325,114426.751400555,2544
100,0.7,0.5,88,159,159,325,114426.751400555,1948
100,0.7,0.5,88,159,159,325,114426.751400555,748
100,0.7,0.5,88,159,159,325,114426.751400555,2080
100,0.7,0.5,88,159,159,325,114426.751400555,1564
100,0.7,0.5,88,159,325,159,114426.751400555,1288
100,0.7,0.5,88,159,325,159,114426.751400555,628
100,0.7,0.5,88,159,159,325,114426.751400555,2044
100,0.7,0.5,88,159,159,325,114426.751400555,3028
100,0.7,0.5,88,159,325,159,114426.751400555,1864
100,0.7,0.5,88,159,159,325,114426.751400555,1348
100,0.9,0.01,4,159,159,186,118324.810973661,772
100,0.9,0.01,4,159,204,155,128059.807698911,3268
100,0.9,0.01,4,215,159,159,119953.142166396,3556
100,0.9,0.01,4,159,159,159,115056.35952459,4900
100,0.9,0.01,4,159,159,159,115056.35952459,4900
100,0.9,0.01,4,159,325,159,114426.751400555,4516
100,0.9,0.01,4,131,159,159,120303.245560363,3076
100,0.9,0.01,4,159,204,159,115475.141019003,2308
100,0.9,0.01,4,159,204,325,120593.775640039,2596
100,0.9,0.01,4,204,197,159,124381.740039929,5092
100,0.9,0.01,16,159,159,197,121492.41489341,2956
100,0.9,0.01,16,325,204,159,120593.775640039,2872
100,0.9,0.01,16,325,159,159,114426.751400555,2620
100,0.9,0.01,16,325,155,159,126978.557026213,1864
100,0.9,0.01,16,159,159,131,120303.245560363,4636
100,0.9,0.01,16,159,159,325,114426.751400555,772
100,0.9,0.01,16,159,204,159,115475.141019003,2788
100,0.9,0.01,16,204,155,159,128059.807698911,2368
100,0.9,0.01,16,159,159,202,115475.141019003,4048
100,0.9,0.01,16,131,159,159,120303.245560363,1276
100,0.9,0.01,48,159,205,159,118324.810973698,932
100,0.9,0.01,48,159,204,159,115475.141019003,2440
100,0.9,0.01,48,159,325,159,114426.751400555,1556
100,0.9,0.01,48,202,159,325,120593.775640039,1192
100,0.9,0.01,48,159,159,204,115475.141019003,3324
100,0.9,0.01,48,159,325,159,114426.751400555,464
100,0.9,0.01,48,159,325,159,114426.751400555,1036
100,0.9,0.01,48,202,159,159,115475.141019003,4624
100,0.9,0.01,48,186,159,159,118324.810973661,1036
100,0.9,0.01,48,186,159,197,126034.275286743,4884
100,0.9,0.01,88,155,325,131,145121.840825061,4168
100,0.9,0.01,88,159,325,159,114426.751400555,3496
100,0.9,0.01,88,159,159,204,115475.141019003,4144
100,0.9,0.01,88,159,325,159,114426.751400555,700
100,0.9,0.01,88,159,325,159,114426.751400555,4048
100,0.9,0.01,88,202,159,215,127752.709570489,832
100,0.9,0.01,88,204,131,159,125369.657386375,4372
100,0.9,0.01,88,159,186,159,118324.810973661,2464
100,0.9,0.01,88,325,159,159,114426.751400555,3508
100,0.9,0.01,88,159,204,159,115475.141019003,2872
100,0.9,0.05,4,159,325,159,114426.751400555,676
100,0.9,0.05,4,159,159,325,114426.751400555,1444
100,0.9,0.05,4,159,159,325,114426.751400555,2116
100,0.9,0.05,4,325,159,159,114426.751400555,4900
100,0.9,0.05,4,159,325,159,114426.751400555,2596
100,0.9,0.05,4,325,159,159,114426.751400555,4804
100,0.9,0.05,4,159,159,159,115056.35952459,4516
100,0.9,0.05,4,159,159,325,114426.751400555,2020
100,0.9,0.05,4,159,202,159,115475.141019003,2308
100,0.9,0.05,4,159,159,325,114426.751400555,868
100,0.9,0.05,16,159,159,325,114426.751400555,1108
100,0.9,0.05,16,159,325,159,114426.751400555,3460
100,0.9,0.05,16,159,325,159,114426.751400555,4720
100,0.9,0.05,16,159,159,159,115056.35952459,1192
100,0.9,0.05,16,159,159,325,114426.751400555,1864
100,0.9,0.05,16,325,159,159,114426.751400555,1108
100,0.9,0.05,16,159,159,325,114426.751400555,1276
100,0.9,0.05,16,325,159,159,114426.751400555,772
100,0.9,0.05,16,159,159,325,114426.751400555,2368
100,0.9,0.05,16,325,159,159,114426.751400555,1612
100,0.9,0.05,48,159,159,325,114426.751400555,2596
100,0.9,0.05,48,325,159,159,114426.751400555,1348
100,0.9,0.05,48,325,159,159,114426.751400555,1504
100,0.9,0.05,48,159,325,159,114426.751400555,724
100,0.9,0.05,48,159,159,325,114426.751400555,3324
100,0.9,0.05,48,159,159,325,114426.751400555,1192
100,0.9,0.05,48,325,159,159,114426.751400555,4052
100,0.9,0.05,48,159,159,325,114426.751400555,2024
100,0.9,0.05,48,159,159,325,114426.751400555,2128
100,0.9,0.05,48,202,159,159,115475.141019003,2856
100,0.9,0.05,88,159,159,325,114426.751400555,3184
100,0.9,0.05,88,159,159,325,114426.751400555,2368
100,0.9,0.05,88,159,159,325,114426.751400555,1972
100,0.9,0.05,88,159,325,159,114426.751400555,2344
100,0.9,0.05,88,159,159,325,114426.751400555,952
100,0.9,0.05,88,159,159,325,114426.751400555,1492
100,0.9,0.05,88,159,159,325,114426.751400555,556
100,0.9,0.05,88,159,325,159,114426.751400555,592
100,0.9,0.05,88,325,159,159,114426.751400555,1708
100,0.9,0.05,88,159,325,159,114426.751400555,1612
100,0.9,0.2,4,159,159,325,114426.751400555,1828
100,0.9,0.2,4,325,159,159,114426.751400555,1636
100,0.9,0.2,4,325,159,159,114426.751400555,2404
100,0.9,0.2,4,159,325,159,114426.751400555,1156
100,0.9,0.2,4,159,159,325,114426.751400555,3556
100,0.9,0.2,4,159,159,325,114426.751400555,3748
100,0.9,0.2,4,325,159,159,114426.751400555,4420
100,0.9,0.2,4,159,325,159,114426.751400555,1156
100,0.9,0.2,4,325,159,159,114426.751400555,2212
100,0.9,0.2,4,159,159,325,114426.751400555,1060
100,0.9,0.2,16,159,159,325,114426.751400555,1528
100,0.9,0.2,16,159,159,325,114426.751400555,1696
100,0.9,0.2,16,159,159,325,114426.751400555,1276
100,0.9,0.2,16,159,325,159,114426.751400555,2032
100,0.9,0.2,16,325,159,159,114426.751400555,1612
100,0.9,0.2,16,159,159,325,114426.751400555,940
100,0.9,0.2,16,159,325,159,114426.751400555,2788
100,0.9,0.2,16,325,159,159,114426.751400555,1864
100,0.9,0.2,16,159,325,159,114426.751400555,2116
100,0.9,0.2,16,159,159,325,114426.751400555,2704
100,0.9,0.2,48,325,159,159,114426.751400555,1244
100,0.9,0.2,48,159,325,159,114426.751400555,1244
100,0.9,0.2,48,159,159,325,114426.751400555,1452
100,0.9,0.2,48,159,159,325,114426.751400555,3168
100,0.9,0.2,48,159,325,159,114426.751400555,724
100,0.9,0.2,48,159,159,325,114426.751400555,776
100,0.9,0.2,48,325,159,159,114426.751400555,776
100,0.9,0.2,48,325,159,159,114426.751400555,880
100,0.9,0.2,48,159,325,159,114426.751400555,464
100,0.9,0.2,48,159,325,159,114426.751400555,1348
100,0.9,0.2,88,159,159,325,114426.751400555,1408
100,0.9,0.2,88,159,325,159,114426.751400555,1348
100,0.9,0.2,88,159,325,159,114426.751400555,1408
100,0.9,0.2,88,159,159,325,114426.751400555,2368
100,0.9,0.2,88,159,159,325,114426.751400555,736
100,0.9,0.2,88,159,159,325,114426.751400555,2764
100,0.9,0.2,88,159,325,159,114426.751400555,2140
100,0.9,0.2,88,325,159,159,114426.751400555,820
100,0.9,0.2,88,159,159,325,114426.751400555,520
100,0.9,0.2,88,159,325,159,114426.751400555,2464
100,0.9,0.5,4,159,205,159,118324.810973698,1060
100,0.9,0.5,4,159,325,159,114426.751400555,3652
100,0.9,0.5,4,202,159,159,115475.141019003,2404
100,0.9,0.5,4,159,325,159,114426.751400555,3460
100,0.9,0.5,4,159,159,325,114426.751400555,2980
100,0.9,0.5,4,325,159,159,114426.751400555,2884
100,0.9,0.5,4,159,159,325,114426.751400555,3364
100,0.9,0.5,4,159,159,186,118324.810973661,1732
100,0.9,0.5,4,159,159,204,115475.141019003,1924
100,0.9,0.5,4,204,159,159,115475.141019003,484
100,0.9,0.5,16,159,159,325,114426.751400555,1444
100,0.9,0.5,16,159,159,159,115056.35952459,4216
100,0.9,0.5,16,159,325,159,114426.751400555,4972
100,0.9,0.5,16,159,325,159,114426.751400555,2032
100,0.9,0.5,16,159,325,159,114426.751400555,1528
100,0.9,0.5,16,159,325,159,114426.751400555,2368
100,0.9,0.5,16,159,325,159,114426.751400555,3964
100,0.9,0.5,16,159,325,159,114426.751400555,4552
100,0.9,0.5,16,159,325,159,114426.751400555,4552
100,0.9,0.5,16,325,159,159,114426.751400555,1192
100,0.9,0.5,48,325,159,159,114426.751400555,1816
100,0.9,0.5,48,159,325,159,114426.751400555,1816
100,0.9,0.5,48,159,159,325,114426.751400555,1192
100,0.9,0.5,48,159,325,159,114426.751400555,4156
100,0.9,0.5,48,159,325,159,114426.751400555,1036
100,0.9,0.5,48,159,159,325,114426.751400555,1868
100,0.9,0.5,48,159,325,159,114426.751400555,4104
100,0.9,0.5,48,159,159,325,114426.751400555,4000
100,0.9,0.5,48,159,159,325,114426.751400555,1764
100,0.9,0.5,48,159,325,159,114426.751400555,1868
100,0.9,0.5,88,159,325,159,114426.751400555,2272
100,0.9,0.5,88,159,159,325,114426.751400555,1864
100,0.9,0.5,88,159,325,159,114426.751400555,3556
100,0.9,0.5,88,159,325,159,114426.751400555,2560
100,0.9,0.5,88,159,159,325,114426.751400555,1804
100,0.9,0.5,88,159,325,159,114426.751400555,2164
100,0.9,0.5,88,159,159,325,114426.751400555,1108
100,0.9,0.5,88,159,325,159,114426.751400555,1804
100,0.9,0.5,88,159,325,159,114426.751400555,1744
100,0.9,0.5,88,159,325,159,114426.751400555,3136
200,0.5,0.01,4,159,325,159,114426.751400555,5000
200,0.5,0.01,4,159,159,202,115475.141019003,1160
200,0.5,0.01,4,159,159,325,114426.751400555,1352
200,0.5,0.01,4,159,159,159,115056.35952459,4232
200,0.5,0.01,4,159,325,159,114426.751400555,3272
200,0.5,0.01,4,325,159,159,114426.751400555,2120
200,0.5,0.01,4,159,325,159,114426.751400555,3080
200,0.5,0.01,4,325,159,159,114426.751400555,1160
200,0.5,0.01,4,159,325,159,114426.751400555,1736
200,0.5,0.01,4,159,159,159,115056.35952459,1160
200,0.5,0.01,16,159,159,325,114426.751400555,1376
200,0.5,0.01,16,159,159,159,115056.35952459,3896
200,0.5,0.01,16,159,159,325,114426.751400555,872
200,0.5,0.01,16,159,325,159,114426.751400555,1208
200,0.5,0.01,16,159,159,159,115056.35952459,3560
200,0.5,0.01,16,159,159,325,114426.751400555,872
200,0.5,0.01,16,159,159,325,114426.751400555,4400
200,0.5,0.01,16,159,159,159,115056.35952459,1544
200,0.5,0.01,16,159,325,159,114426.751400555,1544
200,0.5,0.01,16,159,159,159,115056.35952459,3224
200,0.5,0.01,48,159,159,325,114426.751400555,2280
200,0.5,0.01,48,159,159,325,114426.751400555,1448
200,0.5,0.01,48,159,325,159,114426.751400555,1864
200,0.5,0.01,48,202,159,159,115475.141019003,1136
200,0.5,0.01,48,159,325,159,114426.751400555,4568
200,0.5,0.01,48,159,159,159,115056.35952459,1240
200,0.5,0.01,48,204,159,159,115475.141019003,1032
200,0.5,0.01,48,325,159,159,114426.751400555,1864
200,0.5,0.01,48,159,325,159,114426.751400555,408
200,0.5,0.01,48,159,325,159,114426.751400555,2800
200,0.5,0.01,88,159,159,204,115475.141019003,3440
200,0.5,0.01,88,159,202,159,115475.141019003,3008
200,0.5,0.01,88,325,159,159,114426.751400555,920
200,0.5,0.01,88,159,325,159,114426.751400555,1040
200,0.5,0.01,88,159,325,159,114426.751400555,1256
200,0.5,0.01,88,159,204,159,115475.141019003,2072
200,0.5,0.01,88,159,159,159,115056.35952459,2000
200,0.5,0.01,88,159,325,159,114426.751400555,752
200,0.5,0.01,88,325,159,159,114426.751400555,800
200,0.5,0.01,88,159,159,204,115475.141019003,3008
200,0.5,0.05,4,159,325,159,114426.751400555,3080
200,0.5,0.05,4,159,159,325,114426.751400555,776
200,0.5,0.05,4,159,325,159,114426.751400555,2696
200,0.5,0.05,4,159,159,325,114426.751400555,2120
200,0.5,0.05,4,159,159,325,114426.751400555,1544
200,0.5,0.05,4,159,159,325,114426.751400555,2312
200,0.5,0.05,4,159,159,325,114426.751400555,2888
200,0.5,0.05,4,159,159,325,114426.751400555,4040
200,0.5,0.05,4,159,325,159,114426.751400555,1160
200,0.5,0.05,4,325,159,159,114426.751400555,2696
200,0.5,0.05,16,159,159,325,114426.751400555,2720
200,0.5,0.05,16,159,325,159,114426.751400555,1040
200,0.5,0.05,16,159,159,325,114426.751400555,1544
200,0.5,0.05,16,159,204,159,115475.141019003,2048
200,0.5,0.05,16,159,325,159,114426.751400555,1544
200,0.5,0.05,16,159,325,159,114426.751400555,1208
200,0.5,0.05,16,159,325,159,114426.751400555,1376
200,0.5,0.05,16,325,159,159,114426.751400555,1376
200,0.5,0.05,16,159,159,325,114426.751400555,1208
200,0.5,0.05,16,159,159,325,114426.751400555,3560
200,0.5,0.05,48,159,159,325,114426.751400555,1448
200,0.5,0.05,48,159,159,325,114426.751400555,1864
200,0.5,0.05,48,159,159,325,114426.751400555,1240
200,0.5,0.05,48,159,159,325,114426.751400555,1344
200,0.5,0.05,48,159,325,159,114426.751400555,1240
200,0.5,0.05,48,159,159,325,114426.751400555,824
200,0.5,0.05,48,325,159,159,114426.751400555,1240
200,0.5,0.05,48,159,325,159,114426.751400555,3736
200,0.5,0.05,48,325,159,159,114426.751400555,824
200,0.5,0.05,48,159,325,159,114426.751400555,1760
200,0.5,0.05,88,159,159,325,114426.751400555,1088
200,0.5,0.05,88,159,159,325,114426.751400555,944
200,0.5,0.05,88,159,325,159,114426.751400555,944
200,0.5,0.05,88,159,159,325,114426.751400555,2936
200,0.5,0.05,88,325,159,159,114426.751400555,1400
200,0.5,0.05,88,159,325,159,114426.751400555,560
200,0.5,0.05,88,159,159,325,114426.751400555,728
200,0.5,0.05,88,159,159,325,114426.751400555,3416
200,0.5,0.05,88,159,325,159,114426.751400555,1040
200,0.5,0.05,88,159,159,159,115056.35952459,4640
200,0.5,0.2,4,159,159,325,114426.751400555,1736
200,0.5,0.2,4,159,325,159,114426.751400555,1736
200,0.5,0.2,4,159,159,325,114426.751400555,1544
200,0.5,0.2,4,159,325,159,114426.751400555,2120
200,0.5,0.2,4,159,325,159,114426.751400555,1544
200,0.5,0.2,4,159,325,159,114426.751400555,1352
200,0.5,0.2,4,159,325,159,114426.751400555,2120
200,0.5,0.2,4,159,159,325,114426.751400555,3656
200,0.5,0.2,4,159,159,325,114426.751400555,1352
200,0.5,0.2,4,159,159,325,114426.751400555,1928
200,0.5,0.2,16,159,159,325,114426.751400555,3392
200,0.5,0.2,16,159,325,159,114426.751400555,2384
200,0.5,0.2,16,159,159,325,114426.751400555,2048
200,0.5,0.2,16,159,159,325,114426.751400555,2720
200,0.5,0.2,16,159,159,325,114426.751400555,2048
200,0.5,0.2,16,159,159,325,114426.751400555,2216
200,0.5,0.2,16,325,159,159,114426.751400555,1376
200,0.5,0.2,16,159,159,325,114426.751400555,2216
200,0.5,0.2,16,159,159,325,114426.751400555,1208
200,0.5,0.2,16,159,159,325,114426.751400555,2720
200,0.5,0.2,48,159,325,159,114426.751400555,1136
200,0.5,0.2,48,159,325,159,114426.751400555,1448
200,0.5,0.2,48,159,325,159,114426.751400555,1552
200,0.5,0.2,48,325,159,159,114426.751400555,1864
200,0.5,0.2,48,159,325,159,114426.751400555,1656
200,0.5,0.2,48,159,159,325,114426.751400555,1240
200,0.5,0.2,48,159,325,159,114426.751400555,2072
200,0.5,0.2,48,159,159,325,114426.751400555,1136
200,0.5,0.2,48,159,325,159,114426.751400555,1552
200,0.5,0.2,48,159,325,159,114426.751400555,2488
200,0.5,0.2,88,159,159,325,114426.751400555,1304
200,0.5,0.2,88,159,325,159,114426.751400555,1232
200,0.5,0.2,88,159,325,159,114426.751400555,1400
200,0.5,0.2,88,159,325,159,114426.751400555,1736
200,0.5,0.2,88,159,159,325,114426.751400555,848
200,0.5,0.2,88,159,159,325,114426.751400555,1232
200,0.5,0.2,88,159,325,159,114426.751400555,1064
200,0.5,0.2,88,159,159,325,114426.751400555,1256
200,0.5,0.2,88,159,159,325,114426.751400555,1640
200,0.5,0.2,88,159,325,159,114426.751400555,1208
200,0.5,0.5,4,159,325,159,114426.751400555,1160
200,0.5,0.5,4,159,159,325,114426.751400555,4808
200,0.5,0.5,4,325,159,159,114426.751400555,4616
200,0.5,0.5,4,159,204,159,115475.141019003,3272
200,0.5,0.5,4,325,159,159,114426.751400555,4808
200,0.5,0.5,4,159,159,325,114426.751400555,1928
200,0.5,0.5,4,159,159,325,114426.751400555,4232
200,0.5,0.5,4,159,325,159,114426.751400555,1352
200,0.5,0.5,4,159,325,159,114426.751400555,1736
200,0.5,0.5,4,159,159,159,115056.35952459,2504
200,0.5,0.5,16,159,159,159,115056.35952459,3728
200,0.5,0.5,16,325,159,159,114426.751400555,2216
200,0.5,0.5,16,159,159,325,114426.751400555,1208
200,0.5,0.5,16,159,325,159,114426.751400555,2720
200,0.5,0.5,16,159,325,159,114426.751400555,4064
200,0.5,0.5,16,325,159,159,114426.751400555,1880
200,0.5,0.5,16,159,159,325,114426.751400555,3896
200,0.5,0.5,16,159,159,325,114426.751400555,1712
200,0.5,0.5,16,159,159,325,114426.751400555,2888
200,0.5,0.5,16,159,325,159,114426.751400555,2888
200,0.5,0.5,48,159,159,325,114426.751400555,2592
200,0.5,0.5,48,159,159,325,114426.751400555,2384
200,0.5,0.5,48,159,159,325,114426.751400555,2904
200,0.5,0.5,48,159,325,159,114426.751400555,2592
200,0.5,0.5,48,159,325,159,114426.751400555,1760
200,0.5,0.5,48,159,325,159,114426.751400555,2592
200,0.5,0.5,48,159,159,325,114426.751400555,2800
200,0.5,0.5,48,325,159,159,114426.751400555,2072
200,0.5,0.5,48,159,159,325,114426.751400555,2176
200,0.5,0.5,48,159,159,325,114426.751400555,2800
200,0.5,0.5,88,159,159,325,114426.751400555,2240
200,0.5,0.5,88,159,325,159,114426.751400555,2384
200,0.5,0.5,88,159,159,325,114426.751400555,3920
200,0.5,0.5,88,159,325,159,114426.751400555,3464
200,0.5,0.5,88,159,159,325,114426.751400555,2288
200,0.5,0.5,88,159,159,325,114426.751400555,1112
200,0.5,0.5,88,159,159,325,114426.751400555,1424
200,0.5,0.5,88,159,159,325,114426.751400555,2648
200,0.5,0.5,88,159,159,325,114426.751400555,2168
200,0.5,0.5,88,159,159,325,114426.751400555,4760
200,0.7,0.01,4,325,159,159,114426.751400555,1736
200,0.7,0.01,4,159,159,325,114426.751400555,1736
200,0.7,0.01,4,159,159,325,114426.751400555,4424
200,0.7,0.01,4,325,159,159,114426.751400555,3848
200,0.7,0.01,4,159,159,159,115056.35952459,1352
200,0.7,0.01,4,204,159,159,115475.141019003,4424
200,0.7,0.01,4,159,325,159,114426.751400555,1544
200,0.7,0.01,4,159,159,325,114426.751400555,2312
200,0.7,0.01,4,159,325,159,114426.751400555,968
200,0.7,0.01,4,325,131,159,123584.924249036,4232
200,0.7,0.01,16,159,159,197,121492.41489341,4232
200,0.7,0.01,16,159,159,159,115056.35952459,1040
200,0.7,0.01,16,159,202,159,115475.141019003,4232
200,0.7,0.01,16,159,159,325,114426.751400555,4064
200,0.7,0.01,16,159,159,325,114426.751400555,1208
200,0.7,0.01,16,159,325,159,114426.751400555,1040
200,0.7,0.01,16,325,159,159,114426.751400555,2216
200,0.7,0.01,16,325,159,159,114426.751400555,4400
200,0.7,0.01,16,159,159,204,115475.141019003,1208
200,0.7,0.01,16,325,159,159,114426.751400555,5072
200,0.7,0.01,48,159,325,159,114426.751400555,928
200,0.7,0.01,48,159,159,202,115475.141019003,928
200,0.7,0.01,48,202,159,159,115475.141019003,1552
200,0.7,0.01,48,159,325,159,114426.751400555,824
200,0.7,0.01,48,159,159,186,118324.810973661,1136
200,0.7,0.01,48,325,159,159,114426.751400555,1344
200,0.7,0.01,48,159,202,159,115475.141019003,928
200,0.7,0.01,48,202,159,159,115475.141019003,928
200,0.7,0.01,48,159,325,159,114426.751400555,1552
200,0.7,0.01,48,159,159,325,114426.751400555,720
200,0.7,0.01,88,159,159,159,115056.35952459,392
200,0.7,0.01,88,159,159,159,115056.35952459,1928
200,0.7,0.01,88,159,325,159,114426.751400555,1208
200,0.7,0.01,88,325,159,159,114426.751400555,1352
200,0.7,0.01,88,204,159,159,115475.141019003,920
200,0.7,0.01,88,325,159,159,114426.751400555,656
200,0.7,0.01,88,159,159,325,114426.751400555,680
200,0.7,0.01,88,159,159,159,115056.35952459,2288
200,0.7,0.01,88,186,159,159,118324.810973661,824
200,0.7,0.01,88,325,159,159,114426.751400555,3536
200,0.7,0.05,4,159,159,325,114426.751400555,3272
200,0.7,0.05,4,159,159,325,114426.751400555,1544
200,0.7,0.05,4,159,325,159,114426.751400555,776
200,0.7,0.05,4,325,159,159,114426.751400555,4232
200,0.7,0.05,4,159,204,159,115475.141019003,2696
200,0.7,0.05,4,159,159,325,114426.751400555,1160
200,0.7,0.05,4,325,159,159,114426.751400555,2504
200,0.7,0.05,4,159,325,159,114426.751400555,1160
200,0.7,0.05,4,159,325,159,114426.751400555,1736
200,0.7,0.05,4,159,325,159,114426.751400555,1160
200,0.7,0.05,16,159,159,325,114426.751400555,2888
200,0.7,0.05,16,159,325,159,114426.751400555,1040
200,0.7,0.05,16,159,159,325,114426.751400555,2888
200,0.7,0.05,16,159,159,325,114426.751400555,1880
200,0.7,0.05,16,159,159,325,114426.751400555,872
200,0.7,0.05,16,159,325,159,114426.751400555,1376
200,0.7,0.05,16,159,325,159,114426.751400555,2720
200,0.7,0.05,16,159,325,159,114426.751400555,3728
200,0.7,0.05,16,159,159,325,114426.751400555,1376
200,0.7,0.05,16,159,325,159,114426.751400555,1544
200,0.7,0.05,48,159,159,325,114426.751400555,1240
200,0.7,0.05,48,159,325,159,114426.751400555,928
200,0.7,0.05,48,159,325,159,114426.751400555,3112
200,0.7,0.05,48,159,159,325,114426.751400555,1864
200,0.7,0.05,48,159,325,159,114426.751400555,824
200,0.7,0.05,48,159,325,159,114426.751400555,1552
200,0.7,0.05,48,159,159,325,114426.751400555,720
200,0.7,0.05,48,159,325,159,114426.751400555,1656
200,0.7,0.05,48,325,159,159,114426.751400555,928
200,0.7,0.05,48,325,159,159,114426.751400555,1032
200,0.7,0.05,88,159,325,159,114426.751400555,1064
200,0.7,0.05,88,159,325,159,114426.751400555,3752
200,0.7,0.05,88,159,159,325,114426.751400555,1088
200,0.7,0.05,88,159,159,325,114426.751400555,920
200,0.7,0.05,88,159,159,325,114426.751400555,3416
200,0.7,0.05,88,159,159,325,114426.751400555,728
200,0.7,0.05,88,159,159,325,114426.751400555,2408
200,0.7,0.05,88,159,159,325,114426.751400555,1832
200,0.7,0.05,88,159,159,325,114426.751400555,1760
200,0.7,0.05,88,325,159,159,114426.751400555,608
200,0.7,0.2,4,159,325,159,114426.751400555,968
200,0.7,0.2,4,159,159,325,114426.751400555,1928
200,0.7,0.2,4,159,159,325,114426.751400555,3080
200,0.7,0.2,4,159,325,159,114426.751400555,1736
200,0.7,0.2,4,325,159,159,114426.751400555,3848
200,0.7,0.2,4,159,159,325,114426.751400555,3656
200,0.7,0.2,4,159,325,159,114426.751400555,2696
200,0.7,0.2,4,204,159,159,115475.141019003,2888
200,0.7,0.2,4,159,325,159,114426.751400555,2312
200,0.7,0.2,4,159,325,159,114426.751400555,1352
200,0.7,0.2,16,159,325,159,114426.751400555,2048
200,0.7,0.2,16,159,159,325,114426.751400555,2888
200,0.7,0.2,16,159,325,159,114426.751400555,1376
200,0.7,0.2,16,159,325,159,114426.751400555,3224
200,0.7,0.2,16,159,325,159,114426.751400555,3056
200,0.7,0.2,16,159,159,325,114426.751400555,2552
200,0.7,0.2,16,159,159,325,114426.751400555,1712
200,0.7,0.2,16,159,325,159,114426.751400555,3056
200,0.7,0.2,16,159,159,325,114426.751400555,2048
200,0.7,0.2,16,159,325,159,114426.751400555,1544
200,0.7,0.2,48,159,325,159,114426.751400555,2072
200,0.7,0.2,48,159,159,325,114426.751400555,1344
200,0.7,0.2,48,159,325,159,114426.751400555,4880
200,0.7,0.2,48,159,159,325,114426.751400555,2592
200,0.7,0.2,48,159,325,159,114426.751400555,1864
200,0.7,0.2,48,159,159,325,114426.751400555,1552
200,0.7,0.2,48,159,325,159,114426.751400555,928
200,0.7,0.2,48,159,159,325,114426.751400555,1136
200,0.7,0.2,48,325,159,159,114426.751400555,824
200,0.7,0.2,48,159,325,159,114426.751400555,1968
200,0.7,0.2,88,159,325,159,114426.751400555,2168
200,0.7,0.2,88,159,159,325,114426.751400555,1088
200,0.7,0.2,88,159,159,325,114426.751400555,1160
200,0.7,0.2,88,159,159,325,114426.751400555,2816
200,0.7,0.2,88,159,325,159,114426.751400555,1544
200,0.7,0.2,88,159,159,325,114426.751400555,3056
200,0.7,0.2,88,159,325,159,114426.751400555,1400
200,0.7,0.2,88,159,325,159,114426.751400555,608
200,0.7,0.2,88,159,325,159,114426.751400555,1880
200,0.7,0.2,88,159,325,159,114426.751400555,1520
200,0.7,0.5,4,159,159,325,114426.751400555,2888
200,0.7,0.5,4,159,159,325,114426.751400555,4616
200,0.7,0.5,4,159,159,159,115056.35952459,2888
200,0.7,0.5,4,159,159,325,114426.751400555,3272
200,0.7,0.5,4,159,159,325,114426.751400555,3464
200,0.7,0.5,4,159,159,325,114426.751400555,1736
200,0.7,0.5,4,159,159,159,115056.35952459,2504
200,0.7,0.5,4,159,159,325,114426.751400555,3656
200,0.7,0.5,4,159,325,159,114426.751400555,3848
200,0.7,0.5,4,159,159,325,114426.751400555,3272
200,0.7,0.5,16,159,325,159,114426.751400555,1880
200,0.7,0.5,16,159,159,325,114426.751400555,4064
200,0.7,0.5,16,159,159,325,114426.751400555,3728
200,0.7,0.5,16,159,159,325,114426.751400555,3056
200,0.7,0.5,16,159,325,159,114426.751400555,2720
200,0.7,0.5,16,159,325,159,114426.751400555,2552
200,0.7,0.5,16,325,159,159,114426.751400555,2720
200,0.7,0.5,16,159,325,159,114426.751400555,3728
200,0.7,0.5,16,159,159,325,114426.751400555,5072
200,0.7,0.5,16,159,159,325,114426.751400555,1880
200,0.7,0.5,48,159,325,159,114426.751400555,1968
200,0.7,0.5,48,159,159,325,114426.751400555,3840
200,0.7,0.5,48,159,325,159,114426.751400555,2280
200,0.7,0.5,48,159,325,159,114426.751400555,1760
200,0.7,0.5,48,159,159,325,114426.751400555,3632
200,0.7,0.5,48,159,159,325,114426.751400555,2280
200,0.7,0.5,48,159,159,325,114426.751400555,2904
200,0.7,0.5,48,159,325,159,114426.751400555,1968
200,0.7,0.5,48,159,325,159,114426.751400555,2176
200,0.7,0.5,48,325,159,159,114426.751400555,1136
200,0.7,0.5,88,159,325,159,114426.751400555,2144
200,0.7,0.5,88,159,325,159,114426.751400555,1928
200,0.7,0.5,88,159,159,325,114426.751400555,2000
200,0.7,0.5,88,159,159,325,114426.751400555,1016
200,0.7,0.5,88,159,325,159,114426.751400555,2528
200,0.7,0.5,88,159,325,159,114426.751400555,2384
200,0.7,0.5,88,159,159,325,114426.751400555,2480
200,0.7,0.5,88,159,325,159,114426.751400555,2648
200,0.7,0.5,88,159,159,325,114426.751400555,2072
200,0.7,0.5,88,159,159,325,114426.751400555,1424
200,0.9,0.01,4,131,159,159,120303.245560363,3272
200,0.9,0.01,4,202,159,159,115475.141019003,3656
200,0.9,0.01,4,159,159,325,114426.751400555,2120
200,0.9,0.01,4,159,325,159,114426.751400555,4232
200,0.9,0.01,4,159,204,159,115475.141019003,2120
200,0.9,0.01,4,159,159,325,114426.751400555,2120
200,0.9,0.01,4,159,159,159,115056.35952459,1544
200,0.9,0.01,4,159,159,325,114426.751400555,2504
200,0.9,0.01,4,159,159,197,121492.41489341,1736
200,0.9,0.01,4,159,159,325,114426.751400555,3656
200,0.9,0.01,16,325,159,159,114426.751400555,1208
200,0.9,0.01,16,159,325,159,114426.751400555,4232
200,0.9,0.01,16,159,159,186,118324.810973661,1040
200,0.9,0.01,16,325,159,159,114426.751400555,4736
200,0.9,0.01,16,159,159,325,114426.751400555,3392
200,0.9,0.01,16,159,159,159,115056.35952459,1376
200,0.9,0.01,16,159,159,325,114426.751400555,3896
200,0.9,0.01,16,159,159,159,115056.35952459,1712
200,0.9,0.01,16,159,159,325,114426.751400555,3896
200,0.9,0.01,16,159,159,159,115056.35952459,1376
200,0.9,0.01,48,204,159,159,115475.141019003,1448
200,0.9,0.01,48,159,204,325,120593.775640039,2696
200,0.9,0.01,48,159,204,159,115475.141019003,1448
200,0.9,0.01,48,159,325,159,114426.751400555,2072
200,0.9,0.01,48,159,159,159,115056.35952459,1032
200,0.9,0.01,48,159,325,202,120593.775640039,1760
200,0.9,0.01,48,159,325,159,114426.751400555,1448
200,0.9,0.01,48,159,325,159,114426.751400555,4360
200,0.9,0.01,48,325,159,159,114426.751400555,2696
200,0.9,0.01,48,159,159,159,115056.35952459,1240
200,0.9,0.01,88,159,325,159,114426.751400555,536
200,0.9,0.01,88,204,159,159,115475.141019003,3104
200,0.9,0.01,88,159,159,205,118324.810973698,1880
200,0.9,0.01,88,325,159,159,114426.751400555,1112
200,0.9,0.01,88,159,159,325,114426.751400555,3680
200,0.9,0.01,88,159,325,131,123584.924249036,1064
200,0.9,0.01,88,159,159,325,114426.751400555,3560
200,0.9,0.01,88,159,159,325,114426.751400555,4088
200,0.9,0.01,88,159,159,325,114426.751400555,1856
200,0.9,0.01,88,159,159,325,114426.751400555,4448
200,0.9,0.05,4,159,325,159,114426.751400555,4232
200,0.9,0.05,4,159,159,325,114426.751400555,4616
200,0.9,0.05,4,159,159,325,114426.751400555,3080
200,0.9,0.05,4,159,159,159,115056.35952459,2312
200,0.9,0.05,4,159,325,159,114426.751400555,2504
200,0.9,0.05,4,159,159,325,114426.751400555,1352
200,0.9,0.05,4,159,159,159,115056.35952459,2120
200,0.9,0.05,4,325,159,159,114426.751400555,1352
200,0.9,0.05,4,159,159,325,114426.751400555,3464
200,0.9,0.05,4,159,159,159,115056.35952459,1928
200,0.9,0.05,16,159,325,159,114426.751400555,3056
200,0.9,0.05,16,159,159,325,114426.751400555,1712
200,0.9,0.05,16,159,325,159,114426.751400555,1544
200,0.9,0.05,16,159,325,159,114426.751400555,872
200,0.9,0.05,16,159,159,325,114426.751400555,1376
200,0.9,0.05,16,159,159,325,114426.751400555,3560
200,0.9,0.05,16,325,159,159,114426.751400555,4568
200,0.9,0.05,16,159,159,325,114426.751400555,1544
200,0.9,0.05,16,159,325,159,114426.751400555,3728
200,0.9,0.05,16,159,325,159,114426.751400555,1712
200,0.9,0.05,48,159,325,159,114426.751400555,3424
200,0.9,0.05,48,159,159,325,114426.751400555,3944
200,0.9,0.05,48,159,325,159,114426.751400555,1240
200,0.9,0.05,48,159,159,325,114426.751400555,3008
200,0.9,0.05,48,159,325,159,114426.751400555,1448
200,0.9,0.05,48,325,159,159,114426.751400555,3112
200,0.9,0.05,48,159,325,159,114426.751400555,1344
200,0.9,0.05,48,159,159,325,114426.751400555,4984
200,0.9,0.05,48,159,159,325,114426.751400555,4048
200,0.9,0.05,48,159,159,325,114426.751400555,3320
200,0.9,0.05,88,159,159,325,114426.751400555,3560
200,0.9,0.05,88,159,159,325,114426.751400555,1856
200,0.9,0.05,88,159,325,159,114426.751400555,1184
200,0.9,0.05,88,159,325,159,114426.751400555,1928
200,0.9,0.05,88,159,159,325,114426.751400555,2120
200,0.9,0.05,88,159,325,159,114426.751400555,1256
200,0.9,0.05,88,159,159,325,114426.751400555,944
200,0.9,0.05,88,159,159,325,114426.751400555,2336
200,0.9,0.05,88,325,159,159,114426.751400555,4064
200,0.9,0.05,88,159,159,325,114426.751400555,1856
200,0.9,0.2,4,325,159,159,114426.751400555,1928
200,0.9,0.2,4,325,159,159,114426.751400555,1928
200,0.9,0.2,4,159,325,159,114426.751400555,3464
200,0.9,0.2,4,159,325,159,114426.751400555,1928
200,0.9,0.2,4,159,159,325,114426.751400555,3656
200,0.9,0.2,4,159,159,325,114426.751400555,1160
200,0.9,0.2,4,159,159,325,114426.751400555,2504
200,0.9,0.2,4,159,325,159,114426.751400555,2120
200,0.9,0.2,4,159,325,159,114426.751400555,4040
200,0.9,0.2,4,159,325,159,114426.751400555,3272
200,0.9,0.2,16,159,159,325,114426.751400555,1376
200,0.9,0.2,16,159,325,159,114426.751400555,3560
200,0.9,0.2,16,159,325,159,114426.751400555,1712
200,0.9,0.2,16,159,159,325,114426.751400555,1712
200,0.9,0.2,16,325,159,159,114426.751400555,1376
200,0.9,0.2,16,159,325,159,114426.751400555,2384
200,0.9,0.2,16,159,325,159,114426.751400555,1712
200,0.9,0.2,16,159,325,159,114426.751400555,2048
200,0.9,0.2,16,159,159,325,114426.751400555,2888
200,0.9,0.2,16,159,325,159,114426.751400555,2552
200,0.9,0.2,48,325,159,159,114426.751400555,1864
200,0.9,0.2,48,159,159,325,114426.751400555,1344
200,0.9,0.2,48,159,159,325,114426.751400555,2176
200,0.9,0.2,48,159,325,159,114426.751400555,2696
200,0.9,0.2,48,159,325,159,114426.751400555,1760
200,0.9,0.2,48,325,159,159,114426.751400555,1760
200,0.9,0.2,48,159,159,325,114426.751400555,2384
200,0.9,0.2,48,159,159,325,114426.751400555,1136
200,0.9,0.2,48,159,159,325,114426.751400555,2280
200,0.9,0.2,48,159,325,159,114426.751400555,1864
200,0.9,0.2,88,159,159,325,114426.751400555,680
200,0.9,0.2,88,159,325,159,114426.751400555,1976
200,0.9,0.2,88,159,325,159,114426.751400555,2072
200,0.9,0.2,88,159,159,325,114426.751400555,2192
200,0.9,0.2,88,159,159,325,114426.751400555,2528
200,0.9,0.2,88,159,325,159,114426.751400555,2888
200,0.9,0.2,88,159,159,325,114426.751400555,1880
200,0.9,0.2,88,159,159,325,114426.751400555,1952
200,0.9,0.2,88,325,159,159,114426.751400555,1208
200,0.9,0.2,88,159,159,325,114426.751400555,1064
200,0.9,0.5,4,159,159,325,114426.751400555,2504
200,0.9,0.5,4,159,159,325,114426.751400555,3464
200,0.9,0.5,4,159,159,325,114426.751400555,4808
200,0.9,0.5,4,325,159,159,114426.751400555,5000
200,0.9,0.5,4,325,159,159,114426.751400555,5000
200,0.9,0.5,4,159,159,325,114426.751400555,1736
200,0.9,0.5,4,159,159,159,115056.35952459,3272
200,0.9,0.5,4,325,159,159,114426.751400555,3656
200,0.9,0.5,4,159,159,159,115056.35952459,4040
200,0.9,0.5,4,159,159,325,114426.751400555,3272
200,0.9,0.5,16,159,325,159,114426.751400555,3560
200,0.9,0.5,16,159,159,325,114426.751400555,3728
200,0.9,0.5,16,159,325,159,114426.751400555,2720
200,0.9,0.5,16,325,159,159,114426.751400555,1544
200,0.9,0.5,16,159,325,159,114426.751400555,1208
200,0.9,0.5,16,159,159,325,114426.751400555,1712
200,0.9,0.5,16,159,159,325,114426.751400555,2048
200,0.9,0.5,16,159,159,159,115056.35952459,5072
200,0.9,0.5,16,159,325,159,114426.751400555,2216
200,0.9,0.5,16,159,159,325,114426.751400555,4904
200,0.9,0.5,48,325,159,159,114426.751400555,2800
200,0.9,0.5,48,325,159,159,114426.751400555,2800
200,0.9,0.5,48,159,159,325,114426.751400555,3424
200,0.9,0.5,48,159,325,159,114426.751400555,1760
200,0.9,0.5,48,159,325,159,114426.751400555,1968
200,0.9,0.5,48,159,159,325,114426.751400555,2072
200,0.9,0.5,48,159,159,325,114426.751400555,1760
200,0.9,0.5,48,159,325,159,114426.751400555,1656
200,0.9,0.5,48,159,325,159,114426.751400555,5088
200,0.9,0.5,48,159,325,159,114426.751400555,4464
200,0.9,0.5,88,159,325,159,114426.751400555,2072
200,0.9,0.5,88,159,325,159,114426.751400555,1832
200,0.9,0.5,88,325,159,159,114426.751400555,3560
200,0.9,0.5,88,159,159,325,114426.751400555,2264
200,0.9,0.5,88,159,159,325,114426.751400555,4424
200,0.9,0.5,88,159,159,325,114426.751400555,2696
200,0.9,0.5,88,159,325,159,114426.751400555,2648
200,0.9,0.5,88,159,325,159,114426.751400555,1952
200,0.9,0.5,88,159,159,325,114426.751400555,3680
200,0.9,0.5,88,325,159,159,114426.751400555,3872
